{
  "msd": null,
  "alpha": NaN,
  "D": NaN,
  "diagnostics": {
    "depth_profile_mean_intensity": [
      19.498083114624023,
      19.500959396362305,
      19.496150970458984,
      19.507640838623047,
      19.533281326293945,
      19.574657440185547,
      19.613847732543945,
      19.64426612854004,
      19.652454376220703,
      19.640043258666992,
      19.62042999267578,
      19.62714385986328,
      19.672740936279297,
      19.72442626953125,
      19.753429412841797,
      19.751033782958984,
      19.71698760986328,
      19.680126190185547,
      19.675134658813477,
      19.700651168823242,
      19.724824905395508,
      19.721981048583984,
      19.685115814208984,
      19.66339874267578,
      19.674165725708008,
      19.69464111328125,
      19.696727752685547,
      19.651981353759766,
      19.595401763916016,
      19.526485443115234,
      19.499467849731445,
      19.500093460083008
    ],
    "bleaching_mean_intensity": [
      19.629562377929688,
      19.635223388671875,
      19.631935119628906,
      19.635093688964844,
      19.63800811767578,
      19.633262634277344,
      19.63404083251953,
      19.632843017578125,
      19.631942749023438,
      19.627731323242188,
      19.633338928222656,
      19.629867553710938,
      19.63524627685547,
      19.64129638671875,
      19.63434600830078,
      19.62109375,
      19.636024475097656,
      19.632339477539062,
      19.635818481445312,
      19.626220703125,
      19.62938690185547,
      19.63446044921875,
      19.625282287597656,
      19.625450134277344,
      19.62871551513672,
      19.632705688476562,
      19.630447387695312,
      19.62763214111328,
      19.631210327148438,
      19.635414123535156,
      19.633651733398438,
      19.627418518066406,
      19.635780334472656,
      19.62963104248047,
      19.634078979492188,
      19.633094787597656,
      19.63298797607422,
      19.634178161621094,
      19.635848999023438,
      19.63367462158203,
      19.628196716308594,
      19.62743377685547,
      19.632225036621094,
      19.631332397460938,
      19.63043212890625,
      19.631011962890625,
      19.631500244140625,
      19.631088256835938,
      19.637191772460938,
      19.629127502441406,
      19.625709533691406,
      19.637252807617188,
      19.633270263671875,
      19.632896423339844,
      19.63054656982422,
      19.632217407226562,
      19.633445739746094,
      19.63134002685547,
      19.627525329589844,
      19.62830352783203
    ],
    "crowding": {
      "mean_nn": 11.073823007338698,
      "n_points": 981
    }
  },
  "metadata": {
    "voxel_size_um": [
      0.1,
      0.1,
      0.2
    ],
    "img_shape_xyz": [
      32,
      64,
      64
    ],
    "psf_sigma_xyz_vox": [
      2.0,
      1.0,
      1.0
    ],
    "frame_interval_s": 0.1,
    "noise_std": 5.0,
    "z_att_um": 50.0,
    "bleach_tau_s": 80.0,
    "box_size_um": [
      30.0,
      30.0,
      30.0
    ],
    "n_frames": 60,
    "pixel_size_um": 0.1,
    "z_step_um": 0.2,
    "dt_s": 0.1,
    "description": "3D Brownian colloidal spheres (solid 3D particles with tunable radius).",
    "diffusion_coeff_um2_s": 0.05,
    "n_particles": 30,
    "box_size_xyz": [
      64,
      64,
      32
    ],
    "sphere_radius_px": 3.0
  },
  "quick_stats": {
    "snr_est": 23.505186625239418,
    "density_est": 200,
    "D_est": 0.2,
    "search_range_um": 1.5
  },
  "quality": {
    "n_tracks": 73,
    "track_length_hist": {
      "1": 20,
      "60": 7,
      "2": 6,
      "5": 5,
      "6": 5,
      "3": 4,
      "7": 3,
      "14": 3,
      "12": 2,
      "8": 2,
      "11": 2,
      "28": 1,
      "13": 1,
      "18": 1,
      "16": 1,
      "9": 1,
      "10": 1,
      "27": 1,
      "24": 1,
      "56": 1,
      "23": 1,
      "21": 1,
      "31": 1,
      "57": 1,
      "4": 1
    },
    "detections_per_frame": {
      "0": 17,
      "1": 18,
      "2": 17,
      "3": 18,
      "4": 18,
      "5": 17,
      "6": 16,
      "7": 17,
      "8": 17,
      "9": 15,
      "10": 17,
      "11": 16,
      "12": 17,
      "13": 16,
      "14": 17,
      "15": 17,
      "16": 14,
      "17": 16,
      "18": 17,
      "19": 17,
      "20": 18,
      "21": 17,
      "22": 16,
      "23": 17,
      "24": 15,
      "25": 16,
      "26": 16,
      "27": 16,
      "28": 15,
      "29": 17,
      "30": 17,
      "31": 16,
      "32": 16,
      "33": 17,
      "34": 16,
      "35": 16,
      "36": 16,
      "37": 15,
      "38": 15,
      "39": 17,
      "40": 16,
      "41": 16,
      "42": 17,
      "43": 15,
      "44": 16,
      "45": 16,
      "46": 16,
      "47": 16,
      "48": 17,
      "49": 17,
      "50": 16,
      "51": 16,
      "52": 16,
      "53": 17,
      "54": 16,
      "55": 16,
      "56": 16,
      "57": 16,
      "58": 16,
      "59": 16
    }
  }
}