{
  "msd": {
    "taus_s": [],
    "values": []
  },
  "alpha": NaN,
  "D": NaN,
  "diagnostics": {
    "depth_profile_mean_intensity": [
      -0.03254822641611099,
      -0.004831590224057436,
      0.024199167266488075,
      -0.0059478371404111385,
      0.020492063835263252,
      0.02357167936861515,
      0.011952485889196396,
      0.021175101399421692,
      -0.04156753793358803,
      0.020618701353669167,
      -0.04854099452495575,
      0.009312646463513374,
      0.007711450569331646,
      0.010238989256322384,
      0.017392750829458237,
      0.017332132905721664,
      -0.0171858761459589,
      -0.019353054463863373,
      0.012693663127720356,
      0.017465608194470406,
      0.03414580971002579,
      0.024225588887929916,
      0.035194188356399536,
      0.027283091098070145,
      0.0177249014377594,
      0.013053148984909058,
      0.0018850720953196287,
      0.007998883724212646,
      0.0033292085863649845,
      0.028172045946121216,
      -0.01300395093858242,
      0.0025545242242515087
    ],
    "bleaching_mean_intensity": [
      0.011516962200403214,
      0.0181779433041811,
      -0.01444360800087452,
      0.008956186473369598,
      0.03854026645421982,
      -0.005796028301119804,
      -0.0004799312446266413,
      0.029676999896764755,
      -0.0012927595525979996,
      -0.013998578302562237
    ],
    "crowding": {
      "mean_nn": null,
      "n_points": 0
    }
  }
}