{
  "msd": null,
  "alpha": NaN,
  "D": NaN,
  "diagnostics": {
    "depth_profile_mean_intensity": [
      7600.3798828125,
      6495.2080078125,
      5480.564453125,
      4257.99609375,
      3237.052001953125,
      2721.18212890625
    ],
    "bleaching_mean_intensity": [
      4890.04931640625,
      4895.23388671875,
      4969.68505859375,
      5013.72607421875,
      5058.29052734375
    ],
    "crowding": {
      "mean_nn": 10.956106660296973,
      "n_points": 101
    }
  },
  "metadata": {
    "description": "Cell nucleus: Confocal z-stack with a few quasi-static fluorescent foci and realistic shot noise.",
    "shape_TZYX": [
      5,
      6,
      64,
      64
    ],
    "voxel_size_um": {
      "z": 0.3,
      "y": 0.1,
      "x": 0.1
    },
    "frame_interval_s": 0.5,
    "dtype": "uint16",
    "n_frames": 5
  },
  "quick_stats": {
    "snr_est": 1.4926605322343898,
    "density_est": 200,
    "D_est": 0.2,
    "search_range_um": 1.5
  },
  "quality": {
    "n_tracks": 60,
    "track_length_hist": {
      "1": 38,
      "2": 13,
      "5": 5,
      "3": 4
    },
    "detections_per_frame": {
      "0": 20,
      "1": 18,
      "2": 21,
      "3": 20,
      "4": 22
    }
  }
}