{
  "msd": {
    "taus_s": [],
    "values": []
  },
  "alpha": NaN,
  "D": NaN,
  "diagnostics": {
    "depth_profile_mean_intensity": [
      0.010823974385857582,
      0.03202962130308151,
      -0.001186612294986844,
      -0.004205719102174044,
      -0.0043289875611662865,
      0.013800321146845818,
      -0.046773385256528854,
      0.010734270326793194,
      0.009032937698066235,
      0.012467426247894764,
      0.01887095719575882,
      0.005281228572130203,
      -0.0077926949597895145,
      0.02019757404923439,
      -0.0026270337402820587,
      0.03569122403860092,
      0.04039102792739868,
      -0.012404765002429485,
      -0.020862597972154617,
      -0.01628008484840393,
      0.02112559601664543,
      0.01758977770805359,
      -0.03712288662791252,
      -0.01510061789304018,
      0.007098527159541845,
      0.028859421610832214,
      0.03959054499864578,
      -0.001166467322036624,
      -0.009145401418209076,
      -0.02598574198782444,
      -0.03375677391886711,
      -0.0002570584474597126
    ],
    "bleaching_mean_intensity": [
      -0.0016823599580675364,
      -0.010451547801494598,
      -0.0030122678726911545,
      0.016780879348516464,
      0.012354832142591476,
      -0.0065419627353549,
      0.004331147763878107,
      -0.011274688877165318,
      0.013495521619915962,
      0.012434076517820358
    ],
    "crowding": {
      "mean_nn": null,
      "n_points": 0
    }
  },
  "metadata": {
    "voxel_size_um": [
      0.1,
      0.1,
      0.2
    ],
    "img_shape_xyz": [
      32,
      64,
      64
    ],
    "psf_sigma_xyz_vox": [
      2.0,
      1.0,
      1.0
    ],
    "frame_interval_s": 0.1,
    "noise_std": 5.0,
    "z_att_um": 50.0,
    "bleach_tau_s": 80.0,
    "box_size_um": [
      30.0,
      30.0,
      30.0
    ],
    "n_frames": 10
  },
  "quick_stats": {
    "snr_est": 0.0005290503236121163,
    "density_est": 200,
    "D_est": 0.2,
    "search_range_um": 1.5
  },
  "quality": {
    "n_tracks": 1,
    "track_length_hist": {
      "1": 1
    },
    "detections_per_frame": {
      "5": 1
    }
  },
  "domain": "Generic"
}