{
  "msd": {
    "taus_s": [],
    "values": []
  },
  "alpha": NaN,
  "D": NaN,
  "diagnostics": {
    "depth_profile_mean_intensity": [
      -0.026605237275362015,
      -0.0026782737113535404,
      -0.005704164505004883,
      0.00733064254745841,
      -0.010779286734759808,
      -0.008643032982945442,
      -0.016367046162486076,
      0.013093608431518078,
      -0.026174435392022133,
      -0.012123534455895424,
      0.011479416862130165,
      -0.008221027441322803,
      0.01568186655640602,
      0.0058442638255655766,
      0.0020862221717834473,
      7.868558168411255e-05,
      -0.0020002105738967657,
      0.006580570247024298,
      0.006234806030988693,
      0.024660658091306686,
      0.032081443816423416,
      0.01602257788181305,
      -0.0033588968217372894,
      0.006384201347827911,
      0.01505108643323183,
      0.00875661801546812,
      -0.013550025410950184,
      -0.007572504226118326,
      -0.01995752938091755,
      -0.008258768357336521,
      -0.008799410425126553,
      -0.006915623787790537
    ],
    "bleaching_mean_intensity": [
      -0.014697911217808723,
      -0.009021495468914509,
      -0.003010263666510582,
      -0.009044834412634373,
      0.016142841428518295,
      -0.016904234886169434,
      -0.008508984930813313,
      -0.014395949430763721,
      -0.010637225583195686,
      -0.012649411335587502,
      -0.000251309247687459,
      0.014430477283895016,
      -0.0036514513194561005,
      0.03373218700289726,
      -0.004716810770332813,
      -0.01951829344034195,
      0.012917432002723217,
      0.02479725331068039,
      0.012913001701235771,
      0.0018610265105962753
    ],
    "crowding": {
      "mean_nn": null,
      "n_points": 0
    }
  }
}