y,x,mass,size,ecc,signal,raw_mass,ep,frame,particle
58.047116471918585,13.130418394270638,21.943792556444798,1.8074478407264905,0.26358265304724887,2.1091847349767896,346.6539602279663,0.9791794988704347,11,0
