y,x,mass,size,ecc,signal,raw_mass,ep,frame,particle
34.46430354468298,11.62356465302047,20.910064003991902,1.6887043602642344,0.18094845387738356,2.66204010035843,327.35834884643555,1.4122905538667176,5,0
